{
    "utterances": [
        {
            "text": "attract",
            "entities": [],
            "traits": [],
            "intent": "activate_attraction_spell"
        },
        {
            "text": "grab",
            "entities": [],
            "traits": [],
            "intent": "activate_grabbing_spell"
        },
        {
            "text": "halt",
            "entities": [],
            "traits": [],
            "intent": "interrupt_current_spell"
        },
        {
            "text": "leave",
            "entities": [],
            "traits": [],
            "intent": "make_servant_leave"
        },
        {
            "text": "rotate",
            "entities": [],
            "traits": [],
            "intent": "activate_rotation_spell"
        }
    ]
}
